pitcher_id,year,avg_fastball_velo,pitches_thrown,games
434378,2024,87.73088607594936,1580,17
434378,2025,88.2391288160834,2686,31
445276,2024,91.50886699507389,812,58
445276,2025,91.83919213973799,916,65
445926,2024,87.81455223880597,1072,49
445926,2025,86.75333333333333,210,7
448179,2024,78.70140845070422,71,4
448179,2025,81.04385964912281,171,2
450203,2024,87.26188798872843,2839,33
450203,2025,88.06291208791208,2548,34
453286,2024,86.66128550074738,669,9
453286,2025,88.61818181818182,1672,21
455119,2024,92.42109955423477,673,48
455119,2025,92.06229260935143,662,52
456501,2024,86.86167664670658,167,2
458677,2024,92.83676470588236,816,64
458677,2025,91.38180737217598,839,64
458681,2024,89.77268016957136,2123,25
471911,2024,87.39220318960426,1693,22
471911,2025,86.5530612244898,833,12
472610,2024,91.46347634763477,909,63
472610,2025,90.34724669603524,908,59
476594,2025,89.964406779661,59,2
476595,2024,,0,4
477132,2024,85.02182539682539,504,7
477132,2025,84.34216867469878,1826,25
489119,2024,86.75338983050847,118,3
489119,2025,88.39170731707317,205,3
489446,2024,90.4333650190114,1052,65
489446,2025,89.85754838709678,775,51
493603,2024,86.26947988223749,1019,61
493603,2025,87.60238095238095,42,5
500743,2024,47.721428571428575,14,1
500743,2025,47.881159420289855,69,4
500779,2024,86.16486235694401,3231,36
500779,2025,86.73396392432907,2272,28
502043,2024,86.638689217759,2838,32
502043,2025,86.59535714285714,280,4
502085,2024,90.17756097560975,1230,71
502085,2025,88.47210031347961,319,21
502171,2024,90.61206896551724,348,5
502179,2024,81.15239726027397,292,5
502624,2024,86.4297619047619,1092,30
503449,2024,86.85531914893616,47,3
506433,2024,87.00647887323943,1419,18
506433,2025,86.69516539440204,1179,16
516853,2024,92.39259259259259,27,2
516853,2025,92.11428571428571,28,3
518397,2024,88.98409893992932,566,45
518397,2025,88.25945205479452,365,24
518489,2024,90.35009380863039,533,38
518489,2025,90.31064356435644,404,29
518585,2024,87.60246045694201,1138,72
518585,2025,85.30617283950617,890,55
518586,2024,,0,1
518617,2024,90.38514548238898,653,46
518617,2025,,0,1
518633,2024,86.8,23,2
518876,2024,89.30646766169154,1206,15
518876,2025,89.31679310344828,2899,34
518886,2024,90.65109034267913,963,59
518886,2025,90.4395652173913,230,14
519008,2024,83.44826762246117,836,79
519008,2025,83.50451388888888,288,30
519043,2024,87.69713958810068,874,55
519043,2025,,0,2
519141,2024,,0,2
519141,2025,90.75108932461873,918,66
519151,2024,89.23843813387424,986,61
519151,2025,89.17397881996975,661,46
519242,2024,87.12213143872113,2815,30
519242,2025,86.74751354012803,2031,23
519293,2024,83.91723625557206,673,48
519326,2024,88.25017064846416,1172,76
519326,2025,88.52521994134896,341,21
521230,2025,90.52050209205022,239,17
523260,2024,93.78354203935599,559,36
527048,2024,86.59552620366426,2347,28
527048,2025,85.29513618677042,1028,13
527054,2024,85.89999999999999,127,3
528748,2024,87.03172043010753,186,8
534910,2025,89.908547008547,117,6
541640,2024,88.57014084507043,355,15
541640,2025,88.50316455696202,158,9
542585,2024,91.18810975609756,328,19
542881,2024,84.41461908030199,2914,32
542881,2025,84.28888413852074,2339,27
542882,2024,87.91477272727273,88,4
542888,2024,91.76017699115044,1130,60
542888,2025,91.03885017421604,1148,73
542932,2025,56.029411764705884,51,4
542947,2024,,0,2
543037,2024,91.45055331991952,1986,22
543056,2024,85.13270440251573,477,35
543056,2025,86.04015645371578,767,58
543063,2024,85.79428571428572,35,1
543101,2025,88.23375394321766,634,13
543135,2024,89.80507246376811,2622,30
543135,2025,87.59536216779573,1919,23
543238,2024,91.82911392405063,79,5
543243,2024,88.06246476037052,2483,28
543243,2025,87.35244876693297,2879,34
543294,2024,83.28548009367681,2135,31
543294,2025,82.50668480373106,2573,33
543305,2024,65.94999999999999,18,1
543339,2024,92.0169946332737,1118,73
543351,2024,87.12468354430379,474,23
543391,2024,86.57564102564102,78,2
543391,2025,88.71666666666665,24,2
543475,2024,85.94305555555555,72,7
543510,2024,45.13,10,1
543518,2024,89.67528455284554,614,29
543518,2025,88.43463855421686,332,15
543592,2025,54.05172413793103,29,1
543606,2024,85.2574074074074,54,1
543766,2024,90.05263157894737,95,9
543766,2025,88.89090909090909,44,2
543859,2024,88.5212141882674,1465,59
543859,2025,89.04911838790932,397,21
544150,2024,89.52711409395974,2234,34
544150,2025,87.87553648068669,233,7
545121,2024,51.28695652173913,23,2
546276,2024,86.43571428571428,28,3
547001,2024,88.44503171247358,473,7
547001,2025,87.37205882352941,68,1
547179,2024,89.21472105016409,2133,28
547179,2025,88.19511400651466,2456,29
547184,2024,87.84798387096774,496,32
547184,2025,88.3838905775076,658,42
547973,2024,94.65287456445994,1148,69
547973,2025,96.1108024691358,972,71
548384,2024,83.47207792207793,154,10
548384,2025,85.1167525773196,388,30
548389,2024,86.96768589298124,1439,24
548389,2025,,0,1
552640,2024,91.31531954887218,1064,78
552640,2025,92.03486454652533,849,59
554340,2024,91.47673716012085,661,42
554340,2025,91.80507614213197,394,24
554430,2024,91.44740433105903,3371,35
554430,2025,91.48854330708662,2540,26
554431,2024,90.21173184357542,179,15
554431,2025,91.14094488188977,127,7
570257,2024,86.93846153846154,273,17
570632,2024,91.56170454545455,1760,35
570632,2025,91.76980146290491,957,21
570666,2024,,0,2
571466,2024,46.0,11,1
571466,2025,43.78181818181818,22,1
571479,2024,90.43157894736842,57,3
571510,2024,85.25465253239105,849,11
571510,2025,85.86673560841089,2901,35
571527,2024,86.84326241134751,141,3
571539,2024,88.45235849056604,212,11
571578,2024,85.69455279085408,2974,33
571578,2025,85.72886398763524,2588,31
571656,2024,87.75367521367522,1170,64
571657,2024,41.517073170731706,41,3
571657,2025,42.542857142857144,7,1
571670,2024,87.49214145383104,1018,70
571710,2024,85.39767441860465,43,2
571760,2024,87.12735261808861,2731,32
571760,2025,85.34841498559078,2082,28
571771,2024,51.81111111111111,45,4
571771,2025,54.128,125,5
571863,2024,89.88813559322033,59,7
571882,2024,90.37843567251461,1368,77
571882,2025,,0,1
571912,2024,63.826153846153844,65,3
571912,2025,66.98461538461538,13,1
571927,2024,89.43358116480792,807,15
571927,2025,89.18096723868955,1282,56
571945,2024,88.12548736462094,2770,34
571945,2025,87.48878941222266,2569,32
571946,2024,91.15145739910315,892,54
571946,2025,91.69248322147651,746,51
571948,2024,84.59434324065197,1043,64
571948,2025,83.18302828618968,1202,76
572020,2024,88.3923937360179,1788,22
572143,2024,89.51964873765093,911,53
572143,2025,90.78421052631579,19,2
572383,2024,,0,1
572383,2025,,0,2
572888,2024,82.4076923076923,13,4
572955,2024,88.11334768568354,929,61
572955,2025,88.33412371134021,968,66
572971,2024,85.58863636363637,308,4
573009,2024,84.2870349492672,887,78
573009,2025,83.03333333333333,231,13
573124,2024,86.48455210237661,1094,68
573124,2025,85.30357518401682,951,60
573186,2024,86.74691943127962,2743,31
573186,2025,86.36443914081146,838,11
573204,2024,84.81217587373168,887,59
573204,2025,85.77917133258678,893,74
573262,2024,50.306896551724144,29,1
573262,2025,63.53333333333334,21,1
579328,2024,90.43439787092481,3006,33
579328,2025,88.52514142049026,3182,34
592094,2024,88.79991941982271,1241,83
592094,2025,87.2786643538595,1153,69
592155,2024,89.80084151472651,713,46
592155,2025,89.18468899521531,627,43
592169,2024,89.97083333333335,48,3
592254,2025,84.57029702970297,101,1
592288,2024,84.52558823529412,340,13
592332,2024,90.31489726027397,2920,32
592332,2025,89.7652136994056,3533,39
592351,2024,90.97085643869379,1620,23
592351,2025,90.60619047619048,210,6
592426,2024,89.22413431269675,952,56
592426,2025,89.05319148936171,846,57
592454,2024,88.58880179171332,893,59
592454,2025,87.62371505861135,1108,73
592473,2024,84.725,4,1
592662,2024,90.67570422535212,568,7
592662,2025,89.59939528962444,3142,34
592712,2024,88.63333333333333,6,1
592716,2024,87.515,40,2
592741,2024,84.13333333333334,36,4
592767,2024,86.31614434947768,1053,53
592773,2024,94.29795918367347,1127,73
592773,2025,94.02060717571297,1087,67
592779,2024,93.00165562913908,302,19
592779,2025,93.67065573770492,610,44
592791,2024,86.88836085380588,2483,28
592791,2025,86.85482497634816,2114,26
592826,2025,88.71818181818182,55,2
592836,2024,86.98543554006969,1435,20
592836,2025,87.42555555555556,2250,37
592848,2025,89.85714285714286,14,1
592866,2024,84.24780269058296,1115,15
592866,2025,83.20462707182321,1448,19
593334,2024,86.3372654155496,373,7
593423,2024,91.66273199703043,2693,33
593423,2025,90.58220338983051,708,9
593576,2024,88.52958984375,1024,66
593576,2025,87.98886861313869,548,38
593833,2024,87.21739130434783,23,2
593833,2025,90.34929577464789,142,5
593934,2024,79.06666666666666,3,1
593958,2024,89.60599769319492,866,11
593958,2025,89.42435272045027,2665,30
593974,2024,91.67861635220126,636,47
593974,2025,91.85491183879093,1190,77
594577,2024,88.57333333333332,15,1
594580,2024,89.27676282051281,624,50
594580,2025,86.57473958333333,384,26
594798,2024,93.13720930232559,172,3
594798,2025,93.03159430864648,2741,32
594835,2024,85.33523238380809,667,9
594902,2024,86.1302382908792,2432,30
594902,2025,86.41015299026425,719,11
595014,2024,89.79625779625779,962,59
595014,2025,90.07630331753555,633,43
595345,2024,85.5705621301775,676,47
595345,2025,85.55312500000001,1088,72
595881,2024,87.00679611650484,308,15
595897,2024,93.77824427480917,262,15
595897,2025,91.38674698795181,83,5
595928,2024,91.08169014084507,71,7
595928,2025,91.8057003257329,614,34
595978,2024,64.95,20,1
595978,2025,70.77142857142857,56,3
596001,2024,87.49618239660657,943,25
596001,2025,86.43371783496008,1127,62
596103,2025,38.760000000000005,10,1
596112,2025,88.74897959183674,147,12
596117,2024,59.31384615384616,65,4
596133,2024,92.53698795180722,1660,76
596133,2025,92.50971223021583,1112,70
596142,2025,74.66842105263159,19,1
596271,2024,82.9054054054054,74,2
596271,2025,83.0445652173913,276,7
596295,2024,84.5153076352854,2698,32
596295,2025,83.10940940940941,999,13
598264,2024,86.24719101123596,267,18
598286,2024,82.86260162601626,246,10
600853,2025,,0,1
600917,2024,89.47138184791497,1223,67
600917,2025,88.61742424242425,264,14
600986,2024,94.02249322493226,737,30
601713,2024,87.9721411192214,2466,29
601713,2025,88.02616201859229,3012,33
605121,2024,90.84603174603174,945,58
605121,2025,87.35897435897436,39,3
605130,2024,83.70499021526419,1022,66
605130,2025,85.44577677224737,1326,77
605135,2024,86.37903691813804,3115,33
605135,2025,85.90770460358056,3128,41
605138,2025,87.27326732673268,101,2
605154,2024,88.2017578125,1023,61
605154,2025,88.30420841683367,499,25
605155,2024,88.13657289002558,391,19
605155,2025,87.68478260869566,46,4
605156,2024,88.65558312655087,403,6
605177,2024,87.33656792645557,979,64
605177,2025,86.03541033434651,658,46
605182,2024,87.41452145214521,303,4
605182,2025,88.65182926829269,164,12
605200,2024,,0,1
605218,2024,85.22500000000001,12,3
605218,2025,87.54888888888888,90,4
605242,2025,89.49777777777778,90,4
605280,2024,91.84608294930877,1302,83
605280,2025,89.3468465311843,2852,35
605288,2024,88.9110460251046,1195,24
605288,2025,90.71266598569969,1958,22
605335,2024,83.25299145299145,117,2
605335,2025,,0,1
605347,2024,91.23368794326241,846,55
605347,2025,89.88552971576226,387,27
605397,2024,87.04858548585486,1626,20
605400,2024,86.7783840190817,3354,35
605400,2025,86.0813607775872,1749,20
605441,2024,,0,1
605447,2024,91.2,215,15
605447,2025,89.43794940079893,751,53
605452,2024,91.11727272727272,1210,28
605452,2025,91.81196013289036,903,39
605463,2024,89.06913779210315,1241,66
605463,2025,87.96486486486486,555,26
605483,2024,89.47247602932883,1773,20
605483,2025,88.82477650063858,1565,17
605488,2024,84.70796460176992,565,7
605488,2025,85.2163329820864,2847,34
605498,2024,84.64736842105263,38,2
605507,2025,86.18666666666667,60,4
605513,2024,87.70703666997026,1009,20
605513,2025,86.292,125,3
605540,2025,90.0734439834025,964,13
606131,2024,,0,1
606149,2024,87.57815533980582,412,25
606160,2024,93.46553672316385,708,44
606160,2025,90.95679785330948,1118,63
606303,2024,89.94236559139785,930,74
606303,2025,89.39871244635194,466,33
606930,2024,92.22900626678603,1117,65
606930,2025,89.7525,160,8
606965,2024,85.93045871559633,545,21
606965,2025,84.68381294964028,278,14
606996,2025,86.11829268292684,819,22
607067,2024,88.66903055450774,2650,34
607067,2025,89.45035781544257,2655,36
607074,2024,90.76181003082097,3569,38
607074,2025,89.57252683492892,3447,36
607179,2024,92.6821794871795,780,45
607179,2025,92.41428571428571,98,4
607192,2024,92.23983092988563,2011,22
607192,2025,91.32214022140222,1895,25
607200,2024,89.22616005379959,2972,32
607200,2025,88.94881439084219,2445,34
607216,2024,89.2,14,3
607216,2025,,0,1
607229,2024,,0,1
607237,2024,88.88076923076923,104,8
607259,2024,87.18790588235294,2125,43
607259,2025,86.89258704605017,2671,42
607455,2024,92.14427083333334,960,61
607455,2025,90.67420189818809,1159,79
607481,2024,87.97477567298105,1002,60
607481,2025,85.78229613733906,932,45
607536,2024,88.28092391304348,1840,23
607536,2025,87.25120091498285,2623,33
607625,2024,87.27671441633649,3281,36
607625,2025,85.62083827599842,2529,28
607644,2024,85.07124999999999,320,4
607732,2025,62.45384615384615,26,1
608032,2024,93.95209513023782,883,60
608032,2025,91.83962264150944,1113,70
608331,2024,87.06707056307911,2806,32
608331,2025,88.27975352112676,3408,36
608334,2024,89.72479619565217,1472,37
608334,2025,89.18927875243665,513,14
608337,2025,88.27445101351351,2368,26
608344,2024,86.10187207488299,1922,31
608371,2024,88.05762711864406,885,61
608371,2025,89.61827956989248,279,20
608372,2025,87.7325925925926,2565,31
608379,2024,86.80113304093567,2736,31
608379,2025,86.60310954063604,2830,33
608566,2024,92.11999999999999,70,1
608566,2025,90.98822463768116,2207,28
608638,2024,90.85746691871455,529,36
608638,2025,86.74615384615385,13,2
608648,2024,85.50158730158729,189,9
608650,2025,88.91497975708502,741,24
608665,2025,90.80555555555556,324,19
608671,2025,44.44615384615384,13,1
608678,2024,90.70969529085873,361,25
608717,2024,87.12371859296483,995,60
608717,2025,86.75334728033472,478,19
608718,2024,82.91536203522504,1022,49
608718,2025,84.31768189509306,1182,51
608723,2024,85.53506097560975,983,72
612434,2024,89.04671814671813,259,14
612434,2025,90.92635658914729,129,10
613534,2024,89.2019417475728,824,59
614179,2024,91.72539503386004,886,57
614179,2025,91.38413173652694,334,20
615698,2024,88.73484676503973,2643,31
615698,2025,88.72022471910111,2047,28
620443,2024,60.666666666666664,3,1
620443,2025,62.98260869565217,23,2
620454,2024,,0,1
620454,2025,89.04264705882352,543,29
620982,2024,88.77509025270759,277,8
621016,2024,89.67178683385579,319,16
621016,2025,86.51764705882353,17,1
621028,2025,55.62352941176471,34,2
621048,2024,,0,1
621051,2024,86.78651685393258,623,43
621051,2025,86.3577380952381,1008,61
621053,2024,92.16072289156625,830,52
621053,2025,90.2734939759036,996,59
621057,2024,90.36,10,3
621057,2025,91.06744186046512,86,5
621097,2024,87.755938697318,261,6
621097,2025,87.12307692307692,26,1
621107,2024,86.83893735130849,2522,30
621107,2025,86.2429180887372,1172,16
621111,2024,89.31868338557993,1595,20
621111,2025,89.06180124223602,2254,27
621112,2024,87.05653188180405,1286,16
621112,2025,87.97006451612904,775,17
621114,2024,88.81105263157895,570,34
621114,2025,86.3974358974359,39,2
621121,2025,86.31142109851787,1147,17
621139,2024,,0,1
621139,2025,86.57401574803148,381,18
621142,2024,,0,1
621199,2024,88.17747572815534,515,29
621199,2025,88.19194630872484,447,23
621237,2024,95.72636771300448,1115,70
621237,2025,96.78466019417475,515,32
621242,2024,93.81319569120286,1114,63
621242,2025,93.38950328022493,1067,63
621244,2024,89.16527406417113,2992,33
621244,2025,88.51373265157049,2738,33
621294,2024,88.8227450980392,255,8
621345,2024,91.35666666666667,540,43
621345,2025,91.1153488372093,215,17
621363,2024,88.64633730834753,587,45
621363,2025,89.32355212355212,259,17
621366,2024,88.84278606965175,201,16
621366,2025,86.95435816164817,631,42
621381,2024,90.41446009389671,1065,72
621381,2025,88.46826171875,1024,69
621383,2024,88.94422110552763,1194,66
621383,2025,87.44294425087108,1148,74
621389,2024,84.95975286849072,1133,22
621399,2024,88.60454545454546,44,2
621512,2025,54.144444444444446,9,1
621550,2024,63.138461538461534,13,1
622065,2024,86.53183520599251,267,17
622072,2024,86.28835978835978,756,11
622075,2024,89.09384057971015,276,21
622088,2024,88.84893617021275,47,7
622098,2024,89.93955431754874,359,21
622103,2024,90.46455696202531,79,4
622250,2024,89.92909698996655,299,20
622251,2024,89.524,450,28
622253,2024,87.15267558528429,598,34
622253,2025,84.57625899280576,139,6
622256,2025,,0,1
622259,2024,91.87363184079601,201,9
622268,2024,66.79230769230769,13,1
622338,2024,92.26818181818182,22,1
622338,2025,91.82352941176471,17,1
622379,2025,88.36607142857143,168,2
622491,2024,92.28869839048285,2858,32
622491,2025,91.8109584859585,3276,37
622503,2024,83.38172043010752,93,5
622503,2025,83.39531835205992,534,10
622554,2024,93.96939313984169,1137,69
622554,2025,92.79499626587005,1339,81
622569,2024,65.02777777777777,18,1
622569,2025,60.57222222222222,18,1
622608,2024,90.93256880733945,218,3
622608,2025,90.68440553745928,2456,32
622663,2024,92.45291948371235,3253,35
622663,2025,91.74024166971806,2731,31
622694,2024,87.77250996015937,251,9
622761,2025,65.64857142857143,35,1
622766,2024,89.77288135593221,59,3
622780,2025,89.93135593220339,118,7
622786,2024,90.91159638554217,664,37
622786,2025,89.9118309859155,355,22
623149,2024,87.92829046898638,661,44
623149,2025,86.9107042253521,355,25
623167,2024,85.37347157668931,2797,34
623167,2025,86.50133729569094,673,21
623168,2024,59.449999999999996,8,1
623168,2025,52.88793103448276,58,3
623211,2024,92.85695216907675,899,38
623211,2025,93.42001853568118,1079,55
623352,2024,93.09733009708738,1235,75
623352,2025,90.13207762557077,876,50
623381,2024,,0,2
623433,2024,88.44834205933682,573,39
623433,2025,90.16450381679388,262,14
623437,2024,86.1,20,4
623437,2025,89.14829268292682,1025,57
623451,2024,87.5,100,6
623454,2024,91.04814814814816,54,2
623465,2024,91.33472356935015,1031,67
623465,2025,89.72717391304347,92,7
623474,2024,84.94179894179894,189,8
623474,2025,85.51115297663904,1327,63
623520,2024,67.12666666666667,15,1
624133,2024,85.33196492626544,2509,29
624133,2025,84.61151079136691,2502,27
624431,2024,57.65581395348837,43,2
624431,2025,50.182978723404254,47,2
624512,2025,40.38823529411765,17,1
624522,2024,89.21486988847583,538,27
624647,2024,89.56859903381643,414,29
624647,2025,,0,1
625643,2024,89.9097445600757,2110,27
625643,2025,87.40903614457831,166,2
628317,2024,84.87719132893497,2122,31
628317,2025,84.60703517587939,199,9
628452,2024,91.34213362068965,928,69
628452,2025,92.03236514522821,964,73
628708,2024,91.51235521235522,518,27
630023,2024,88.90382059800665,601,8
640448,2024,94.20461254612546,1082,66
640448,2025,92.2875904860393,967,65
640451,2024,93.77167755991285,918,52
640451,2025,91.41428571428571,231,16
640454,2024,87.86296296296297,27,2
640454,2025,86.42535211267605,71,4
640455,2024,87.9453237410072,3475,38
640455,2025,86.57296803652967,1095,15
640462,2024,90.57433930093777,1173,63
640462,2025,92.32070707070707,198,11
640470,2024,90.65531914893617,329,20
640902,2024,56.08,5,1
640902,2025,68.06714285714285,70,3
641149,2024,90.32285714285715,175,6
641154,2024,90.1244197450147,3059,33
641154,2025,89.73005738880919,1394,16
641302,2024,84.76139088729016,1668,24
641302,2025,86.44694864048338,1655,54
641312,2024,88.11475409836065,244,6
641312,2025,88.04398148148148,216,7
641329,2024,90.32447368421053,380,21
641329,2025,91.44797479747974,1111,76
641343,2024,64.672,75,4
641343,2025,66.14430379746835,79,5
641360,2024,90.71204188481676,191,11
641360,2025,,0,1
641386,2024,,0,1
641386,2025,89.78395721925133,187,12
641394,2024,,0,1
641401,2024,87.14437086092715,151,7
641401,2025,89.26440476190477,840,43
641427,2024,89.752,75,5
641427,2025,89.14444444444445,9,1
641461,2024,88.55833333333334,12,1
641482,2024,87.6471224276247,2866,34
641482,2025,86.29540059347181,674,9
641540,2024,85.98450142450142,1755,28
641540,2025,87.26690476190475,420,13
641541,2024,92.2375,8,1
641582,2024,86.65185185185184,108,6
641585,2024,84.93026315789474,532,7
641585,2025,86.32105263157894,76,2
641627,2024,,0,1
641632,2024,,0,2
641645,2024,59.8046511627907,43,3
641656,2024,92.04003021148036,661,39
641656,2025,92.25738461538462,650,38
641658,2024,55.97692307692308,13,1
641658,2025,47.26666666666667,3,1
641672,2025,89.29173166926677,641,13
641682,2025,90.70645161290322,31,2
641703,2024,89.21974683544305,790,26
641712,2024,86.43531994981178,1594,20
641726,2024,89.22384341637012,281,8
641729,2024,89.35289855072465,1104,72
641745,2024,89.38790322580645,743,16
641745,2025,93.22109634551495,1204,75
641750,2024,,0,2
641755,2024,91.58021086780211,1233,71
641755,2025,88.67578947368422,1235,75
641771,2024,88.91479591836735,980,34
641778,2024,87.04,25,1
641778,2025,86.78960967564595,1818,34
641793,2024,87.47609204368175,2564,30
641793,2025,87.64458753915767,2873,35
641816,2024,88.35851528384279,229,3
641816,2025,88.14870603848706,1506,18
641835,2024,91.04019607843138,816,56
641835,2025,91.52114803625378,331,18
641907,2025,88.46666666666667,45,1
641927,2024,86.65044510385756,2696,32
641927,2025,85.21785425101214,2470,29
641941,2024,90.74789207419899,593,42
641941,2025,91.63269230769231,1092,71
642016,2024,89.13050847457627,118,7
642016,2025,89.75019011406845,263,16
642028,2024,83.76529411764706,170,6
642048,2024,87.19105431309904,626,55
642048,2025,87.36905660377359,265,13
642086,2024,48.47096774193548,31,3
642100,2024,89.42880184331797,434,32
642100,2025,91.78558994197293,1034,86
642121,2024,88.3277397260274,292,11
642121,2025,88.28100961538462,416,19
642130,2024,90.82631578947368,19,3
642133,2024,54.31818181818182,44,3
642133,2025,56.82608695652174,23,1
642152,2025,89.86236933797909,861,50
642180,2025,52.644444444444446,18,1
642207,2024,90.10413793103449,435,24
642207,2025,88.71083944580276,1227,73
642215,2024,44.4,8,1
642215,2025,52.78611111111111,36,2
642216,2024,84.72925170068028,147,2
642216,2025,85.08708333333334,240,4
642232,2024,80.52081712062257,1542,45
642232,2025,81.38998054474708,1028,21
642239,2024,87.985,119,11
642239,2025,87.40689655172413,406,29
642397,2024,92.78531935176359,1048,71
642397,2025,92.47371854613235,1073,73
642520,2024,88.38882113821138,492,18
642520,2025,88.93701657458564,181,5
642528,2024,94.87260273972602,73,5
642528,2025,93.6473233404711,467,30
642530,2024,,0,1
642545,2024,87.39583333333333,72,3
642546,2024,91.50946123521682,761,31
642546,2025,91.67142857142856,49,3
642547,2024,89.29888782967905,3147,36
642547,2025,89.82899197145406,3362,38
642575,2024,90.0125,8,1
642585,2025,93.74322169059012,627,37
642629,2024,88.90716112531969,391,17
642701,2024,91.20274336283187,1129,64
642701,2025,90.29136408243376,1019,72
642708,2025,49.93571428571429,28,1
642759,2025,93.84342105263158,76,4
642834,2024,83.42644628099174,121,3
643256,2024,81.28058690744922,443,32
643338,2024,92.29363839285715,896,57
643338,2025,91.73640054127199,739,47
643361,2024,88.0794701986755,151,7
643361,2025,87.0550925925926,216,7
643377,2024,92.49087557603687,1085,74
643377,2025,91.65109745390694,1139,76
643396,2024,67.83888888888889,18,2
643396,2025,68.27142857142857,7,1
643410,2024,84.36186594202898,1103,69
643410,2025,86.01789473684211,855,61
643493,2024,88.75104166666667,96,7
643511,2024,79.23260654112983,1009,82
643511,2025,81.05570131180626,991,84
645261,2025,92.33562781044621,2891,32
645305,2025,54.922222222222224,18,1
645444,2025,43.7074074074074,27,2
646242,2024,83.89638554216867,166,6
646242,2025,80.69615384615385,26,1
647306,2024,,0,1
647315,2024,94.32319018404907,815,62
647315,2025,93.00130718954249,153,6
647336,2024,87.89077669902913,1442,26
647336,2025,88.1496183206107,1572,26
647351,2025,43.593333333333334,15,1
650489,2024,53.806666666666665,15,2
650489,2025,40.96666666666667,12,1
650556,2024,91.15029806259314,1341,82
650556,2025,92.00738589211618,1205,71
650633,2024,89.27265774378584,3137,34
650633,2025,89.21143514965465,1303,18
650644,2024,86.59195318215069,2734,33
650644,2025,87.32258601553828,1802,25
650671,2024,93.3131926121372,379,22
650671,2025,92.59690721649484,97,6
650893,2024,90.70635514018691,1070,71
650893,2025,90.05602739726027,730,41
650895,2024,89.97853107344633,177,10
650895,2025,92.0939393939394,66,3
650911,2024,89.46033141697667,2957,34
650911,2025,90.41742448330683,3146,35
650960,2024,90.24054054054054,74,5
655889,2024,93.15384615384616,624,42
655889,2025,93.29132420091324,438,34
656186,2024,94.10963855421687,83,7
656186,2025,93.53528301886791,530,32
656222,2024,91.16936416184971,1211,76
656222,2025,91.27491926803013,929,64
656232,2024,88.23372549019608,510,18
656232,2025,88.88510638297873,47,1
656234,2024,89.81845070422536,710,38
656234,2025,87.04013157894737,1064,52
656240,2024,88.89408284023669,338,15
656240,2025,87.67780678851175,766,29
656257,2024,89.60833333333333,48,3
656257,2025,90.08790322580644,124,6
656266,2024,88.87840909090909,88,9
656271,2024,92.25621890547264,603,37
656271,2025,92.02721951219512,1025,72
656288,2024,89.34994861253854,2919,34
656288,2025,89.92191048764195,1497,18
656302,2024,90.88566361217855,3383,36
656302,2025,91.88079698776278,3187,35
656353,2024,85.45522388059702,67,1
656354,2024,87.98028169014086,142,7
656354,2025,87.39999999999999,7,1
656412,2024,88.73215258855586,1101,40
656420,2024,88.72234636871508,179,10
656420,2025,87.99896907216494,97,5
656427,2024,87.0935432059107,3113,35
656427,2025,87.0948460087995,3182,36
656457,2024,90.05724137931034,145,7
656457,2025,86.261387283237,865,47
656458,2024,88.60425531914893,47,3
656458,2025,83.72222222222223,18,1
656464,2024,92.57531486146095,1191,74
656464,2025,90.54931506849314,511,31
656529,2024,88.9062678062678,351,25
656546,2024,91.81445672191529,1086,75
656546,2025,91.85777126099707,1364,83
656547,2024,,0,1
656548,2024,93.25714285714287,21,2
656550,2024,89.51552734375,1024,26
656550,2025,89.14582118561711,2057,23
656557,2024,87.88892138939671,2735,31
656557,2025,89.65954606141523,749,11
656577,2025,52.275,24,1
656605,2024,89.67206338270755,2903,32
656605,2025,89.07721254355401,2870,33
656629,2024,96.594452887538,1316,80
656629,2025,96.36796536796537,231,14
656638,2024,90.98923444976077,418,24
656638,2025,90.7,20,1
656641,2024,89.37481840193705,825,48
656641,2025,88.93804034582132,1388,33
656647,2024,89.93529411764706,34,2
656657,2024,89.49767441860466,43,3
656671,2024,84.64895833333334,96,4
656686,2024,,0,1
656686,2025,92.46831955922865,363,18
656701,2024,89.57391304347826,46,2
656716,2024,52.07083333333333,24,3
656716,2025,35.95,2,1
656726,2024,90.804,25,3
656726,2025,,0,2
656730,2024,95.46025824964133,697,52
656730,2025,94.48489892984543,841,57
656731,2024,91.19134615384615,1560,20
656731,2025,90.88703438395416,1396,16
656756,2024,86.16576903158985,1929,25
656756,2025,85.1925,40,1
656786,2024,86.65071090047392,211,13
656786,2025,85.83414634146341,41,2
656793,2024,90.90454545454546,110,5
656794,2024,88.69783783783782,184,9
656794,2025,88.67239648682559,1593,49
656814,2024,87.94736842105263,57,5
656818,2025,88.38709677419355,31,2
656820,2024,,0,1
656820,2025,86.88947368421053,38,2
656848,2024,94.02369146005509,363,16
656848,2025,94.04128440366972,327,16
656849,2024,88.87490347490348,2071,26
656849,2025,87.46343090033345,2699,31
656876,2024,94.12549019607843,459,16
656876,2025,92.69296200345423,2316,33
656887,2024,92.6485294117647,408,24
656896,2024,67.09464285714286,56,4
656896,2025,57.96222222222222,45,1
656924,2024,89.54197183098591,354,18
656945,2024,93.60806324110672,1265,81
656945,2025,92.92121212121212,924,62
656970,2024,79.2344827586207,29,1
656976,2024,73.62941176470588,17,1
656986,2024,88.56666666666666,12,3
656986,2025,89.59478021978022,728,46
657006,2024,88.6825513196481,2046,25
657006,2025,87.30926517571885,313,4
657024,2024,89.74587706146927,667,45
657024,2025,88.071875,128,6
657044,2024,88.03375486381323,1027,71
657044,2025,84.97457865168539,711,52
657053,2024,85.19613034623218,491,14
657053,2025,88.07297297297296,37,1
657061,2024,52.029999999999994,10,1
657097,2024,87.91580611169653,949,63
657097,2025,87.99167492566899,1009,59
657193,2024,63.93076923076923,13,1
657240,2024,88.84007352941177,272,18
657240,2025,90.01728045325778,353,22
657265,2024,88.07083333333333,192,10
657265,2025,88.94179104477612,67,3
657277,2024,89.04607935020306,3201,35
657277,2025,88.88942717854965,3282,36
657376,2024,89.42615470228158,1797,21
657376,2025,89.08172920065253,1226,14
657424,2025,87.89341864716636,547,34
657508,2024,92.41799437675726,1067,58
657510,2025,91.92105263157895,19,2
657514,2024,85.98651162790696,860,60
657514,2025,85.66251428571428,874,57
657571,2024,89.99618856569708,996,66
657571,2025,89.75837696335078,1146,76
657585,2024,90.97073170731707,1107,60
657585,2025,91.73043922369766,979,59
657612,2024,88.8743450767841,1106,75
657612,2025,88.3581611570248,968,75
657624,2024,90.00416666666666,24,1
657649,2024,91.67451171875,1024,59
657649,2025,91.8578302712161,1143,81
657697,2024,86.61387559808612,209,11
657746,2024,90.10975177304965,2256,25
657746,2025,90.0721052631579,2850,33
657756,2025,87.8493273542601,223,9
658431,2025,89.22631578947369,19,1
658648,2024,87.33075356415479,1471,57
659275,2024,89.41351351351352,74,3
660261,2024,92.03617021276595,47,2
660261,2025,93.48630136986301,73,4
660271,2025,91.47697974217311,1086,18
660600,2024,90.70783699059561,319,22
660604,2025,86.78793103448277,174,5
660623,2024,,0,1
660623,2025,91.14,10,1
660644,2024,73.61636363636364,55,2
660644,2025,54.54347826086956,23,2
660730,2025,88.27556675062972,397,9
660761,2024,87.52074729596855,1016,24
660761,2025,87.71710144927536,345,10
660781,2024,,0,1
660787,2024,91.49249999999999,40,3
660787,2025,92.40225806451613,620,28
660813,2024,95.60062111801243,161,10
660825,2024,88.65442176870748,441,23
660825,2025,89.94403606102635,1442,85
660844,2024,46.275,20,2
660844,2025,42.11666666666667,18,1
660853,2024,90.99237588652481,1127,64
660853,2025,92.05529411764707,1105,66
660896,2024,93.99094527363184,1005,57
660896,2025,93.20116487455198,1116,59
660906,2024,,0,1
661269,2024,86.38490566037736,159,4
661395,2024,95.37695800227016,881,58
661395,2025,96.20549542048293,1201,79
661403,2024,97.80424954792043,1106,84
661403,2025,95.76772151898734,790,50
661440,2024,,0,2
661527,2024,85.98303677342822,843,46
661527,2025,83.77133333333335,150,9
661536,2024,94.12,25,1
661563,2024,92.95868897234551,2929,33
661563,2025,92.08919449901768,1018,12
662253,2024,93.19771547248182,963,63
662253,2025,91.65188916876573,1191,74
662914,2025,83.28571428571429,7,1
663158,2024,97.9651923076923,1040,69
663158,2025,96.5883435582822,1140,73
663302,2025,87.97619047619048,21,1
663321,2024,85.3863309352518,139,5
663321,2025,85.94253393665159,221,11
663362,2024,83.00371428571428,2450,27
663362,2025,81.92403846153846,104,1
663372,2024,89.83660418963616,2721,32
663372,2025,88.59096989966555,597,7
663399,2025,86.15390625,512,11
663423,2024,88.12361720807726,1139,74
663423,2025,87.78019943019943,702,36
663432,2024,91.76142131979695,985,54
663432,2025,90.82602739726028,219,15
663436,2024,88.09596412556054,892,11
663436,2025,90.3775708844689,2362,27
663455,2024,,0,1
663455,2025,90.70926275992439,529,33
663460,2024,88.45257352941177,544,31
663460,2025,87.92424542305788,2021,23
663462,2024,86.49358974358974,156,11
663462,2025,90.0160583941606,137,7
663465,2024,84.99894291754757,473,8
663465,2025,85.04144486692016,1052,35
663474,2024,86.30879596250901,1387,18
663474,2025,91.275117370892,213,7
663485,2024,90.90553191489361,1175,64
663485,2025,89.59172995780591,1185,72
663500,2024,89.47999999999999,20,2
663531,2024,85.65854616895874,509,14
663541,2025,88.85999999999999,5,1
663542,2024,87.75544768069041,927,46
663542,2025,88.13716577540107,374,19
663546,2024,91.34706368899917,1209,58
663546,2025,90.21653543307086,254,13
663554,2024,89.93709844559586,1930,24
663554,2025,90.67015103338633,2516,32
663556,2025,,0,1
663558,2025,86.57374999999999,80,2
663559,2024,88.36979395002191,2281,30
663559,2025,88.36314520019295,2073,28
663562,2024,88.6413698630137,365,9
663562,2025,88.11314741035856,251,9
663567,2024,89.16660714285715,1120,29
663568,2024,92.37188655980272,811,43
663568,2025,90.41290868094701,1774,21
663574,2024,93.09603174603176,504,34
663574,2025,92.72517428350116,1291,84
663623,2024,89.33162612035852,3124,34
663623,2025,86.83207112281858,3037,34
663627,2025,,0,1
663658,2025,88.07910447761195,67,1
663670,2024,,0,3
663671,2024,89.58,10,1
663671,2025,90.23853383458646,532,27
663681,2024,,0,1
663681,2025,,0,1
663687,2024,86.08656224237428,1213,21
663687,2025,86.67937777777777,1125,52
663704,2024,89.61891592920354,904,57
663735,2024,,0,1
663738,2024,88.50586370839936,631,16
663738,2025,89.17056827820187,1179,60
663752,2024,88.92807017543859,57,2
663765,2024,87.59239482200647,618,11
663765,2025,88.8065671641791,670,24
663767,2024,90.20419161676647,167,8
663767,2025,89.08959537572254,692,35
663773,2024,90.00174013921114,862,39
663773,2025,89.19236641221374,131,7
663776,2024,87.15897435897435,1521,17
663793,2024,,0,1
663795,2024,86.86969696969696,33,3
663795,2025,87.4786036036036,444,10
663804,2025,92.8185053380783,281,15
663855,2024,89.45147783251231,2030,31
663855,2025,92.71184905660377,1325,36
663878,2024,91.88450704225352,1136,64
663878,2025,93.6217857142857,280,12
663883,2025,86.155,20,1
663893,2024,91.98303693570452,731,52
663893,2025,90.54842406876791,1396,88
663897,2024,59.34915254237288,59,3
663897,2025,63.095774647887325,71,6
663903,2024,87.83736966027581,2973,35
663903,2025,87.79910625620654,3021,34
663941,2024,87.6595041322314,242,7
663941,2025,87.95510688836104,842,32
663947,2024,87.10191545574637,1514,76
663947,2025,87.4539184952978,1276,78
663967,2025,58.38181818181818,11,1
663969,2024,87.96719242902208,634,9
663969,2025,89.14015477214102,1163,57
663977,2024,88.81,10,1
663977,2025,91.97,10,2
663978,2024,87.24182067077345,1460,18
663978,2025,88.56959409594096,2711,35
663989,2024,86.163,200,12
663989,2025,85.278125,32,1
663992,2024,89.24431818181819,528,39
663992,2025,87.66981132075472,265,12
664054,2024,82.3,4,3
664062,2025,88.14121510673235,609,7
664068,2025,38.575675675675676,37,1
664076,2024,90.16281588447653,1108,70
664076,2025,91.17407821229051,895,70
664079,2024,89.81560693641619,173,7
664079,2025,,0,1
664092,2024,88.09,10,2
664123,2024,85.0018181818182,55,3
664123,2025,84.85705128205129,156,11
664126,2024,91.67805212620028,729,50
664126,2025,92.10922768304914,997,64
664129,2024,93.5952380952381,147,6
664129,2025,88.55058139534884,172,8
664139,2024,90.1775,40,2
664139,2025,90.62926829268294,451,29
664141,2025,89.60597014925372,469,17
664192,2024,86.1949720670391,179,2
664192,2025,88.54931714719271,659,39
664199,2024,,0,1
664199,2025,90.85957918050941,903,54
664208,2024,82.85650080256822,1246,81
664208,2025,83.88052580331062,1027,64
664285,2024,88.45347826086957,2758,30
664285,2025,88.23076923076923,2977,33
664294,2025,88.22701754385965,285,18
664299,2024,84.09062980030723,651,9
664299,2025,86.4320907617504,617,8
664301,2024,,0,1
664350,2024,87.74300144300145,693,17
664351,2024,87.92635135135136,148,8
664351,2025,87.33840830449827,289,12
664353,2025,86.53571428571429,56,2
664744,2025,90.50681818181819,44,2
664747,2024,91.23613101330604,977,64
664747,2025,91.0147342995169,414,20
664776,2024,86.51815789473685,760,46
664849,2024,85.81321989528796,764,44
664849,2025,88.40050505050505,198,12
664854,2024,93.31173416407061,963,69
664854,2025,93.19206660137121,1020,61
664875,2024,89.86276978417266,1112,59
664875,2025,89.28601823708206,329,20
664901,2024,46.76,15,1
664948,2024,84.37543859649122,57,3
664948,2025,86.2872,125,7
664991,2025,91.36365384615384,520,23
665001,2024,86.32857142857144,21,2
665019,2024,54.74375,16,1
665019,2025,62.335,20,1
665048,2024,89.13571428571429,42,3
665152,2024,88.13804698295716,2171,26
665152,2025,87.58693392724574,2693,32
665167,2024,,0,2
665178,2024,89.1875,8,1
665620,2024,88.7457627118644,295,18
665620,2025,,0,1
665622,2024,91.37625,720,8
665625,2024,93.35283474065139,829,56
665625,2025,91.5058536585366,204,11
665645,2025,90.88378378378378,37,2
665660,2024,94.290625,32,2
665660,2025,95.11202614379084,765,38
665665,2025,89.53137254901962,51,2
665795,2024,92.12750865051903,1734,20
665795,2025,91.72846358792185,2252,26
665828,2024,59.375,12,1
665871,2024,87.41052009456264,2538,31
665871,2025,88.65784832451499,567,8
665896,2024,91.72411575562701,311,14
665996,2024,90.3529411764706,17,1
666120,2025,90.0334975369458,203,9
666121,2024,89.92,15,2
666121,2025,87.91875,16,2
666122,2024,89.17999999999999,5,1
666129,2024,86.43775510204082,588,7
666142,2024,89.6551598173516,3285,36
666142,2025,89.57590361445783,1162,15
666148,2025,88.98,15,1
666149,2024,58.641666666666666,36,3
666151,2024,89.87894736842105,19,1
666151,2025,89.02089552238806,67,4
666157,2024,89.74050429184548,1864,22
666157,2025,89.08614363778298,2562,31
666159,2024,88.91626297577855,578,7
666159,2025,86.60138888888889,72,1
666163,2024,67.33888888888889,36,1
666168,2025,90.70836820083682,239,14
666171,2024,91.59471153846154,208,13
666171,2025,90.51713221601489,1074,65
666197,2024,74.38181818181819,11,1
666200,2024,89.66472760849491,1083,12
666200,2025,90.95867124142234,3205,36
666201,2024,88.76116751269036,394,5
666202,2024,91.5,1,1
666204,2024,85.89718004338394,461,29
666204,2025,,0,1
666205,2024,88.55247524752474,808,24
666207,2024,90.2273381294964,139,6
666208,2024,92.87692307692308,39,1
666208,2025,92.78421052631579,19,1
666214,2024,88.11258477769404,1327,49
666214,2025,87.90736,1875,42
666215,2024,93.62872340425533,94,3
666215,2025,91.423828125,256,10
666277,2024,89.08614800759014,527,25
666277,2025,90.29706632653061,784,26
666301,2025,,0,2
666364,2024,90.11,10,2
666364,2025,89.64,30,1
666374,2025,89.17438775510203,980,62
666619,2024,93.14285714285714,112,8
666619,2025,92.05714285714286,161,11
666659,2024,88.6,2,1
666659,2025,89.54,185,9
666661,2025,96.01050295857988,676,45
666711,2024,97.0,2,1
666711,2025,97.16089552238806,335,20
666720,2024,91.40707762557078,438,19
666721,2024,87.46249999999999,48,1
666745,2024,92.42886115444618,641,27
666785,2025,88.48571428571428,7,2
666808,2024,93.55685413005273,1138,64
666808,2025,93.56005132591959,1168,75
666818,2024,91.04683544303796,237,14
666818,2025,91.47,10,1
666974,2024,93.66429961089493,1028,73
666974,2025,92.45583501006037,994,66
667280,2025,85.82307692307693,26,1
667297,2024,88.94627329192546,322,20
667297,2025,89.22150943396227,530,34
667356,2025,93.63333333333333,24,3
667414,2024,90.815,20,2
667427,2024,87.54285714285714,42,4
667434,2025,85.85882352941177,34,3
667463,2024,89.71801801801803,888,58
667463,2025,89.63693467336684,796,52
667478,2024,85.05,4,3
667725,2024,85.6048275862069,580,8
667725,2025,,0,2
667755,2024,94.26254315304948,1737,24
667755,2025,93.11586653047327,2937,33
668338,2024,85.08793650793652,945,60
668390,2024,91.16993006993006,286,13
668390,2025,91.99337641357027,619,33
668470,2024,92.50588235294117,17,1
668472,2024,78.77333333333333,15,1
668670,2025,63.4,49,4
668674,2024,93.60736253494873,1073,70
668674,2025,92.60362745098038,1020,64
668676,2024,86.36586538461538,208,3
668678,2024,88.42574669187145,2645,30
668678,2025,88.79747506234413,3208,34
668716,2024,,0,1
668716,2025,90.88019093078759,419,17
668719,2024,,0,2
668761,2025,,0,1
668800,2024,47.88611111111111,36,2
668820,2025,90.37959183673469,539,27
668831,2025,87.22500000000001,24,3
668834,2025,88.07668161434977,223,11
668868,2024,84.63358974358974,390,6
668869,2024,83.71904761904761,21,1
668873,2024,88.3940119760479,167,2
668874,2024,87.0125,39,1
668881,2024,92.69289894654702,2563,28
668881,2025,94.76544901065449,1971,22
668909,2024,91.34133522727274,1408,17
668909,2025,90.62764612954186,3165,34
668933,2024,93.01065573770492,1342,16
668933,2025,93.73899543378995,1095,64
668941,2024,89.36914225941422,955,69
668941,2025,88.08608949416342,1028,68
668942,2024,70.18888888888888,27,2
668943,2024,88.30045662100456,219,13
668964,2024,88.56958089229383,2218,29
668964,2025,88.7799531066823,853,24
668968,2024,88.57070938215104,437,26
668970,2024,90.10344827586206,29,1
668970,2025,91.4563953488372,172,7
668984,2024,89.91204819277108,166,6
668984,2025,91.18335183129855,901,50
668998,2024,,0,2
669001,2024,90.86666666666667,3,1
669001,2025,90.29444444444444,18,1
669020,2025,87.04841498559078,694,33
669022,2024,91.6369071476286,2994,33
669022,2025,89.84713001383126,2892,32
669060,2024,89.68387096774194,1643,36
669060,2025,88.12714285714286,910,22
669062,2024,90.74426356589147,1290,75
669062,2025,92.2248015873016,504,39
669081,2024,,0,2
669084,2024,87.62557544757033,782,15
669084,2025,89.33078231292517,588,20
669093,2024,92.6879781420765,1098,67
669093,2025,92.53832565284178,1302,81
669111,2024,89.21333333333334,180,10
669111,2025,91.42,15,1
669142,2024,,0,1
669145,2025,85.46153846153847,91,1
669160,2025,90.678418230563,2237,26
669165,2024,90.00934579439253,107,4
669169,2024,85.1388429752066,121,6
669188,2025,91.35333333333332,15,1
669192,2024,,0,1
669193,2025,90.85438596491228,57,3
669194,2024,91.08281565147236,2479,30
669194,2025,91.9014768752429,2573,35
669199,2024,89.4223602484472,161,10
669199,2025,89.77539353769676,1207,55
669203,2024,90.30525974025974,3080,35
669203,2025,90.66067101584342,1073,13
669205,2024,89.8736842105263,19,1
669211,2024,90.21259968102073,1254,68
669211,2025,89.94757009345794,1070,67
669212,2024,87.28135359116021,724,42
669212,2025,85.14090909090909,132,7
669247,2024,,0,1
669270,2024,91.60299401197605,167,9
669270,2025,87.885,20,1
669276,2024,87.04880273660206,877,56
669276,2025,88.59184043517679,1102,76
669298,2025,88.98181818181818,22,1
669302,2024,90.31742274819197,3042,35
669302,2025,88.85637314032971,2487,31
669308,2024,92.41422222222222,225,9
669308,2025,91.29757085020243,494,19
669310,2024,,0,1
669330,2024,86.57027027027027,259,5
669330,2025,88.69590643274854,342,4
669358,2024,90.61111111111111,1206,14
669358,2025,91.54801470588235,2718,31
669371,2025,89.52699069286453,967,57
669372,2024,89.67751937984495,515,8
669372,2025,90.8464126984127,1575,24
669373,2024,92.06725935009197,3261,36
669373,2025,93.25549689440994,3220,36
669387,2024,91.65057736720554,866,40
669387,2025,91.46224430157802,1711,35
669391,2024,90.09565217391305,69,3
669391,2025,87.52597402597402,154,4
669395,2024,91.41875,16,1
669395,2025,,0,1
669416,2024,86.2046511627907,43,3
669422,2024,90.08073394495413,327,17
669422,2025,90.1634765625,512,10
669431,2024,,0,1
669432,2024,88.320925205361,2313,26
669432,2025,88.82083589428396,1627,18
669434,2024,,0,3
669434,2025,88.74285714285715,14,1
669437,2024,,0,2
669438,2024,88.27395577395578,407,13
669438,2025,88.78887381275442,737,31
669443,2024,92.04666666666667,15,1
669449,2025,86.47500000000001,44,3
669450,2025,77.63529411764705,17,1
669456,2024,88.42710843373494,166,4
669456,2025,88.09685863874346,955,12
669459,2024,86.38410256410258,195,14
669459,2025,85.25581395348837,86,5
669461,2024,90.88102849200834,1439,63
669461,2025,88.79043023723361,2487,31
669467,2024,91.44335347432025,1985,32
669467,2025,90.23115812119039,2789,32
669618,2025,86.6,4,1
669620,2024,87.47028571428571,350,7
669620,2025,88.60291262135922,206,11
669622,2024,90.34689092762487,981,62
669622,2025,88.53770086526576,808,53
669639,2024,89.675,4,1
669668,2024,88.39230769230768,13,1
669674,2024,87.40698576972834,771,50
669674,2025,87.26806039488967,861,44
669684,2025,85.77592267135326,569,23
669697,2024,91.63,10,1
669704,2024,91.39999999999999,14,1
669704,2025,91.17167487684728,406,25
669707,2025,51.82608695652174,23,1
669711,2024,88.45996275605214,1072,66
669711,2025,90.22999999999999,1080,75
669713,2024,88.70827137546469,1075,30
669713,2025,88.28464566929134,508,6
669717,2025,51.05769230769231,26,1
669721,2024,86.47185039370078,508,6
669721,2025,86.09180327868852,183,3
669722,2025,65.07857142857144,14,1
669724,2024,92.66405959031657,537,24
669724,2025,93.49238377843719,1011,59
669735,2025,87.28684210526316,38,1
669796,2024,85.83786407766989,103,8
669854,2024,88.23251919050942,2865,33
669854,2025,87.03493064312737,793,10
669912,2024,89.35380710659899,196,12
669920,2025,85.50071884984025,1252,19
669923,2024,91.86019548365353,2967,35
669923,2025,91.95664570230608,2385,27
669947,2025,88.92207792207792,154,2
669952,2024,89.6065953654189,561,15
669993,2025,85.89655172413794,29,1
670032,2025,64.275,8,1
670036,2024,88.31584415584415,385,19
670036,2025,88.48798076923077,832,64
670046,2024,85.64590570719604,403,7
670059,2024,89.93901035673187,869,55
670059,2025,91.37455268389662,503,26
670090,2025,,0,1
670102,2024,86.57427838357921,1558,28
670102,2025,86.97322530864197,1296,16
670103,2024,87.064,25,1
670109,2025,92.52857142857144,21,3
670124,2024,89.18899328859061,745,10
670154,2024,,0,1
670156,2025,52.4,23,1
670161,2024,86.42105263157895,57,4
670167,2024,88.43323013415893,969,65
670167,2025,89.4177536231884,1104,78
670174,2024,91.65382165605095,1256,43
670174,2025,91.96425120772946,207,7
670183,2025,92.74285714285713,21,2
670219,2024,88.18717948717949,39,2
670223,2024,57.03513513513514,37,1
670241,2024,85.25719844357977,257,4
670242,2024,45.2952380952381,21,1
670245,2024,,0,1
670246,2025,,0,1
670280,2024,91.8664767331434,1053,64
670280,2025,88.97555938037867,1162,73
670329,2025,89.89726962457338,586,29
670389,2024,84.74,10,1
670389,2025,84.24166666666666,36,3
670766,2024,85.47101990049751,804,14
670766,2025,85.45116279069768,86,3
670810,2024,89.86688741721854,151,9
670810,2025,90.27176470588236,170,5
670871,2024,93.58829431438127,299,18
670871,2025,92.19166666666666,24,1
670897,2025,,0,1
670912,2025,89.42330827067669,665,9
670950,2024,85.18081861958267,1246,57
670950,2025,86.96551724137932,116,7
670955,2024,90.46081460674156,712,31
670955,2025,90.73404605263158,1216,73
670970,2024,92.49928507596067,1119,63
670970,2025,94.50504587155963,1090,81
670990,2024,89.03886883273165,831,40
670990,2025,90.27959814528593,647,26
671096,2024,88.26069438491214,2333,25
671096,2025,87.87401801801802,2775,31
671106,2024,86.24612612612611,1665,22
671106,2025,85.58050941306756,2709,31
671109,2024,89.1711111111111,45,1
671109,2025,88.63576158940397,302,8
671111,2024,83.96347517730497,282,9
671111,2025,84.49411764705883,153,5
671131,2024,90.18273381294964,139,3
671131,2025,90.91740088105728,1361,67
671162,2025,87.05060975609756,164,4
671212,2024,93.33933747412009,966,15
671212,2025,94.90214132762313,934,15
671220,2024,,0,1
671220,2025,,0,2
671305,2024,92.63893510815308,601,36
671305,2025,92.85950413223141,121,6
671345,2024,94.05126050420168,952,73
671345,2025,90.71666666666667,18,3
671382,2025,90.48620689655172,29,1
671737,2024,92.109197907585,2294,25
671737,2025,91.88613569321534,2373,28
671922,2024,93.04191121143717,1329,86
671922,2025,93.50238663484487,1257,82
672078,2024,89.56666666666668,21,1
672078,2025,87.05454545454546,11,1
672277,2024,91.38,10,1
672277,2025,85.64,10,1
672282,2024,87.89343465045593,1645,19
672282,2025,88.77121771217712,1084,63
672335,2024,91.2945434298441,898,64
672335,2025,91.06361607142857,448,20
672376,2025,,0,1
672391,2024,93.3639344262295,366,23
672391,2025,92.11218274111674,788,49
672405,2024,91.5,11,1
672456,2024,88.75172626387176,1622,22
672456,2025,88.76814814814814,1620,24
672550,2024,,0,1
672552,2024,86.68620689655172,232,5
672578,2024,92.60464285714285,560,27
672578,2025,92.66895674300255,786,42
672582,2024,92.87497575169739,1030,67
672582,2025,92.63984168865436,1137,72
672710,2024,89.23562119895743,1150,52
672710,2025,89.73133640552996,217,7
672712,2024,82.7102564102564,39,1
672724,2025,38.96,40,2
672730,2024,,0,1
672782,2024,86.60981308411215,214,5
672782,2025,89.17933104631219,1166,23
672836,2024,90.11724137931034,29,2
672839,2024,88.76666666666667,6,2
672841,2024,,0,2
672841,2025,95.88239436619718,1276,80
672851,2024,91.05280898876404,178,8
672851,2025,89.37916666666666,24,1
672860,2024,92.01235632183908,348,17
673380,2024,91.85892514395394,521,25
673380,2025,92.65625,208,12
673394,2025,84.12666666666668,15,2
673395,2025,,0,1
673513,2024,88.20631970260223,1076,66
673513,2025,87.40424187725631,1108,65
673540,2024,89.22011834319527,168,4
673540,2025,87.7142782152231,1902,23
673820,2025,90.21147540983605,61,2
673929,2024,91.77700170357751,587,37
673929,2025,92.17777777777778,1161,71
673965,2025,90.48073394495412,109,7
674003,2024,84.94659863945579,1175,16
674072,2024,85.5539489671932,823,11
674072,2025,83.31214953271028,107,2
674175,2024,,0,1
674285,2024,91.57520161290323,494,26
674285,2025,92.25456171735242,559,33
674370,2024,90.89640151515152,1056,16
674370,2025,90.6356263577118,1380,27
674384,2025,94.05112781954887,266,12
674444,2024,94.66463414634147,82,6
674444,2025,94.89314641744548,642,47
674841,2025,85.97074340527578,417,5
674944,2024,85.09183673469387,294,22
674944,2025,84.69212121212122,165,10
675512,2025,92.32849807445442,779,20
675527,2024,,0,1
675540,2024,86.83474178403756,639,16
675540,2025,82.96964285714286,56,4
675627,2024,89.51,860,41
675650,2024,90.42384615384616,260,5
675650,2025,92.17610619469026,113,6
675660,2025,,0,1
675848,2025,92.20772811918064,1074,55
675911,2024,90.24101123595506,178,4
675911,2025,89.52682464454976,2110,25
675916,2025,86.3943661971831,71,3
675919,2025,86.4,27,2
675921,2024,88.21975088967972,562,11
675976,2024,88.39999999999999,14,1
675977,2024,90.08333333333333,24,2
675989,2024,89.86273885350319,313,21
675989,2025,89.4475,40,1
676012,2025,,0,2
676051,2025,88.97471264367816,87,3
676070,2025,48.083333333333336,6,1
676083,2024,90.21371428571429,175,6
676083,2025,88.19272510435302,1677,22
676092,2024,88.92464589235128,706,46
676092,2025,87.2522504892368,511,27
676105,2024,90.80225988700565,354,13
676106,2024,90.33829588014981,1068,14
676106,2025,91.08727621483376,1564,25
676130,2024,90.24262536873157,1356,36
676130,2025,90.64851217312894,1109,57
676206,2025,88.14538461538461,130,5
676221,2024,,0,1
676249,2025,89.02962962962964,27,1
676252,2024,,0,1
676254,2024,90.31375404530745,1236,79
676254,2025,91.40773694390717,1034,72
676263,2025,89.39415584415585,1232,72
676272,2024,91.09244767970883,1099,14
676272,2025,89.94741379310345,116,2
676282,2024,84.97417654808959,759,12
676282,2025,84.35317414094351,1717,38
676333,2025,88.436,25,1
676362,2024,90.41428571428571,7,1
676391,2024,70.0625,16,1
676393,2024,91.42999999999999,10,2
676395,2024,90.89769539078156,998,75
676395,2025,90.83552631578948,988,75
676428,2024,88.74504391468005,797,13
676428,2025,88.33201793721973,1115,50
676433,2024,,0,1
676440,2024,88.79569993722535,3186,37
676440,2025,88.18199687987519,3205,34
676442,2025,87.8711111111111,45,1
676454,2024,89.45818181818181,55,2
676454,2025,91.53846153846153,13,1
676464,2024,,0,1
676467,2025,85.93824948311509,1451,20
676475,2025,51.24285714285714,7,1
676477,2024,86.14097938144329,388,6
676477,2025,89.80994295028525,1227,65
676498,2024,89.61200000000001,50,1
676502,2025,91.8,1,1
676508,2024,89.56542750929367,269,7
676508,2025,89.53446940356314,1291,47
676510,2024,,0,1
676510,2025,89.2423076923077,26,1
676534,2024,91.40982776089159,987,53
676534,2025,91.4803127874885,1087,67
676568,2024,91.71777777777778,45,4
676570,2024,85.15555555555555,9,1
676571,2024,89.89999999999999,3,1
676571,2025,85.45079365079366,441,29
676596,2024,86.70343698854337,611,28
676596,2025,86.52666666666667,15,1
676604,2024,90.348,75,3
676604,2025,88.70708661417322,254,12
676609,2025,72.8607142857143,28,1
676614,2024,86.04304812834224,374,6
676617,2024,91.190625,224,12
676617,2025,92.488654353562,758,42
676620,2024,,0,1
676661,2024,89.38007518796992,266,15
676661,2025,89.78931888544892,646,36
676664,2024,85.79658353262727,2927,33
676664,2025,85.95390156062425,2499,29
676679,2025,36.0375,32,4
676680,2024,83.32229102167182,323,18
676680,2025,82.9,64,2
676684,2024,93.41397683397683,1295,78
676684,2025,94.10729247478666,1289,72
676689,2024,96.13333333333333,6,1
676697,2025,87.50526315789473,19,1
676701,2025,78.175,16,1
676702,2024,91.34412265758093,587,37
676702,2025,92.10311614730878,353,16
676710,2024,86.78823946156571,2823,35
676714,2024,88.04378378378378,370,17
676714,2025,,0,1
676724,2025,63.08181818181818,11,1
676742,2024,,0,2
676742,2025,91.6312925170068,147,6
676755,2024,91.09850746268657,134,5
676755,2025,92.06587795765877,802,45
676760,2024,87.66179245283018,424,18
676760,2025,88.902734375,255,10
676775,2024,91.67733175914994,847,14
676775,2025,92.34647887323943,213,8
676801,2025,68.4962962962963,54,3
676879,2024,89.9304794520548,584,16
676879,2025,91.94848484848485,1188,50
676881,2024,,0,1
676881,2025,89.27272727272727,22,1
676907,2024,,0,2
676917,2025,92.46852791878172,788,10
676961,2024,86.10535714285713,112,3
676961,2025,88.43437908496732,765,27
676962,2024,92.7831566548881,849,17
676962,2025,92.16132075471698,1802,27
676969,2024,91.4559405940594,202,17
676969,2025,91.98085106382979,47,1
676974,2024,90.32706611570248,968,11
676974,2025,91.13432971014493,1104,13
676979,2024,93.94705636743215,2395,33
676979,2025,92.27134730538921,3340,35
676987,2024,91.26111111111112,18,1
677020,2024,89.8786046511628,215,10
677020,2025,88.17058823529412,102,5
677053,2024,89.50101214574899,988,63
677076,2024,86.0327868852459,61,3
677161,2024,88.74378265412749,957,49
677161,2025,90.09541734860885,611,31
677312,2025,86.9695652173913,23,1
677334,2025,83.525,8,1
677352,2024,,0,2
677649,2025,41.532,25,4
677651,2025,84.77735849056603,106,2
677865,2024,84.92929292929293,99,10
677865,2025,85.02943722943722,231,17
677916,2024,,0,2
677916,2025,85.475,8,2
677944,2024,88.90804953560371,1291,21
677944,2025,88.38782567503553,2110,24
677952,2025,92.52858439201452,1102,26
677955,2024,91.81324503311258,151,9
677955,2025,91.80247148288973,526,31
677958,2024,90.97293577981651,218,3
677958,2025,90.6878240377062,1273,16
677960,2024,90.41065683646113,1492,17
677960,2025,91.31909476661951,707,9
677961,2025,92.65128205128205,39,1
677976,2024,87.17540983606557,183,5
677976,2025,87.60506329113925,79,1
678011,2025,69.95454545454545,11,1
678013,2024,95.63333333333333,12,3
678020,2024,95.0467336683417,199,13
678020,2025,95.4410635155096,677,46
678022,2025,91.64505494505495,637,12
678024,2025,89.41919905771495,1697,48
678061,2024,88.53446475195821,383,10
678215,2024,84.625,4,1
678215,2025,86.82705314009662,207,7
678226,2024,92.49596774193549,372,17
678226,2025,92.42370990237099,717,42
678255,2025,96.66666666666667,3,1
678279,2024,88.73333333333333,9,1
678316,2025,87.4546875,128,3
678368,2024,83.28080438756855,1094,13
678368,2025,84.53397988505748,1392,33
678394,2024,91.00614066404856,2801,32
678394,2025,91.33911926605505,2725,30
678478,2024,,0,2
678493,2025,89.50833333333333,12,1
678495,2024,91.94607508532424,879,35
678495,2025,92.55203725261933,859,54
678576,2024,91.14102564102564,39,2
678576,2025,86.59318181818182,44,3
678606,2024,95.60125786163523,476,31
678606,2025,94.97250409165302,1222,76
678620,2024,,0,1
678692,2024,91.57755775577557,303,17
678692,2025,90.50724762726487,1158,70
678713,2024,87.7235294117647,17,1
678725,2024,,0,2
678738,2024,87.80588235294118,17,4
678743,2024,,0,2
678821,2024,91.92817679558011,181,15
678821,2025,91.00082135523614,487,26
678868,2025,95.375,12,2
678883,2025,,0,1
678906,2024,88.46666666666667,204,4
678906,2025,87.78327645051195,586,9
679066,2024,91.76,15,1
679066,2025,90.63461538461539,26,2
679156,2024,87.77242424242425,330,19
679200,2025,90.26,25,1
679304,2025,,0,1
679358,2024,88.95714285714286,42,2
679358,2025,87.86187050359712,695,35
679525,2024,89.69296621934289,2161,28
679702,2024,95.39999999999999,7,1
679702,2025,93.14399999999999,25,3
679712,2025,86.44651162790697,43,1
679758,2025,88.78,35,3
679775,2025,86.30210970464134,474,34
679777,2025,90.40625,16,1
679780,2024,85.25,14,1
679845,2024,56.262499999999996,8,1
679857,2025,,0,1
679883,2025,90.02903225806452,217,13
679885,2024,95.72803738317756,1177,64
679885,2025,95.24082840236687,339,21
679892,2024,,0,1
679922,2025,93.3,27,1
679928,2025,82.77666666666667,30,1
680089,2024,89.84,10,2
680223,2024,,0,2
680397,2025,89.47,10,1
680423,2024,88.46875,16,2
680451,2025,88.62666666666668,15,1
680570,2024,89.55696530295184,1931,21
680572,2024,89.62666666666668,15,1
680573,2024,87.4156794425087,2295,28
680573,2025,87.87314956610516,1959,25
680604,2024,90.5875,8,1
680604,2025,89.1,50,1
680684,2025,89.436197440585,547,6
680686,2024,87.75,176,4
680689,2024,90.0,26,2
680689,2025,90.19817671809257,713,36
680694,2024,91.15192878338279,674,8
680694,2025,90.82813765182186,494,6
680701,2024,86.78823529411765,17,1
680701,2025,85.2,23,3
680702,2025,91.2328125,64,3
680704,2024,85.93216374269005,1026,69
680704,2025,83.71408045977012,348,22
680723,2024,87.51323529411764,68,1
680729,2025,87.99350649350649,231,12
680730,2024,87.67096505823628,2404,29
680730,2025,88.60676524953789,2705,34
680732,2024,88.35080906148868,309,4
680732,2025,88.64441373864982,2532,30
680735,2025,87.45156250000001,448,14
680736,2024,91.22516891891892,592,8
680736,2025,91.81528608027327,1171,28
680739,2024,89.68085106382979,141,4
680742,2024,91.79117647058824,68,1
680742,2025,90.57760210803688,759,35
680744,2024,89.56536697247707,436,7
680755,2025,87.94870466321244,965,60
680758,2024,,0,3
680767,2024,93.96761565836299,1405,68
680767,2025,95.12235169491525,944,54
680770,2025,92.45384615384616,13,1
680837,2025,50.0375,24,2
680862,2025,41.24444444444444,18,2
680864,2025,88.765,20,1
680880,2024,90.74794520547945,292,20
680880,2025,90.60877659574469,376,22
680885,2024,90.00673025967144,1887,21
680885,2025,91.09357964869776,1651,19
680891,2024,92.02142857142857,98,6
680891,2025,,0,1
680893,2025,,0,1
680897,2024,88.34141689373297,734,11
680911,2024,59.49189189189189,37,1
680951,2025,86.77314814814815,108,2
681004,2025,86.89166666666667,12,1
681006,2025,86.76482558139534,687,33
681025,2024,,0,1
681035,2024,90.01985815602838,846,10
681051,2025,85.06,10,1
681060,2025,,0,1
681066,2024,86.15121951219511,328,4
681084,2024,,0,1
681094,2024,89.54285714285713,7,2
681097,2024,,0,2
681097,2025,93.13125,16,1
681117,2024,87.14545454545454,11,1
681145,2024,,0,1
681145,2025,,0,2
681146,2025,70.55087719298245,114,4
681151,2025,92.58238636363636,176,9
681154,2024,,0,2
681168,2024,90.03333333333333,30,3
681168,2025,90.96269113149847,327,18
681185,2024,,0,4
681190,2024,89.4472399767577,1720,21
681190,2025,88.92392923649908,2148,29
681212,2025,,0,1
681217,2024,88.06653846153846,260,3
681217,2025,89.44809688581314,289,11
681293,2024,87.64726765057839,2505,29
681293,2025,86.16666666666667,618,9
681343,2024,,0,1
681343,2025,92.03712277800743,2419,30
681347,2024,89.86470588235295,68,1
681347,2025,89.93760572543917,1537,23
681391,2024,,0,1
681402,2024,92.45274725274726,455,26
681402,2025,92.10975609756098,41,3
681407,2024,,0,1
681408,2025,86.38888888888889,27,1
681415,2025,87.37222222222222,18,1
681432,2024,92.04132420091324,438,33
681432,2025,88.26623376623377,76,3
681450,2025,86.48571428571428,14,1
681473,2024,87.44444444444444,9,2
681493,2024,,0,1
681517,2024,91.14333800841514,713,34
681517,2025,90.6984649122807,1368,64
681544,2024,91.67777777777778,9,2
681571,2024,87.55,12,2
681676,2024,91.02178956089479,1205,65
681676,2025,90.23658088235294,544,34
681738,2024,90.39512195121951,41,1
681739,2024,90.62,10,2
681739,2025,89.85263157894737,19,3
681744,2024,93.2344827586207,29,2
681751,2025,88.27,150,3
681753,2024,83.2,5,1
681799,2024,84.93987341772151,474,21
681799,2025,86.14791666666666,144,10
681803,2024,91.30869565217391,23,1
681806,2024,90.3742857142857,35,2
681810,2024,89.15375722543352,173,6
681810,2025,89.6825,160,6
681857,2024,88.9298789346247,2065,25
681857,2025,89.73485540334856,1314,15
681867,2024,83.99071753986333,1756,28
681867,2025,85.53244147157191,299,9
681869,2024,89.7604761904762,840,31
681869,2025,89.33284936479129,551,30
681870,2024,88.1628664495114,307,14
681870,2025,90.75393258426966,534,36
681871,2024,89.2475,80,4
681882,2024,90.99107142857143,112,5
681882,2025,91.08317757009345,214,11
681890,2024,89.95,10,1
681890,2025,91.87272727272727,11,1
681891,2025,82.45,4,1
681892,2024,89.18084795321637,684,29
681892,2025,89.50303448275862,725,39
681895,2024,,0,2
681895,2025,85.70364741641338,329,19
681902,2024,,0,1
681911,2024,90.31237785016287,1227,76
681911,2025,89.31298586572439,1132,76
681916,2025,90.8768817204301,186,8
681924,2024,93.23333333333333,15,1
681938,2024,89.05714285714285,14,1
681962,2025,52.146875,32,3
681982,2024,87.59067460317459,504,25
681982,2025,88.0169686985173,1214,71
681987,2025,65.62857142857142,14,1
682044,2025,,0,1
682052,2024,84.78932584269663,178,4
682052,2025,85.3341536614646,1666,21
682073,2024,75.30384615384615,26,1
682120,2024,88.3875968992248,1161,88
682120,2025,87.90578313253012,830,59
682144,2025,90.60645161290323,31,1
682171,2025,83.50641509433963,265,17
682175,2024,86.33200000000001,50,4
682202,2025,92.80689655172414,29,3
682227,2024,88.337109375,256,5
682240,2025,,0,1
682243,2024,90.9351150442478,2825,32
682243,2025,90.48463597430407,1868,23
682254,2024,94.93037974683544,158,9
682254,2025,95.71917808219177,876,60
682274,2025,89.87866242038217,314,18
682489,2024,95.6,1,3
682515,2025,36.513333333333335,15,1
682607,2024,89.403125,32,1
682607,2025,90.7,4,1
682610,2024,91.61420875420876,1485,18
682610,2025,92.1235807860262,229,9
682769,2025,91.79642857142858,56,3
682790,2025,89.89945652173913,368,16
682791,2024,,0,1
682791,2025,,0,1
682825,2025,95.79951690821257,414,23
682840,2025,79.17692307692307,13,1
682842,2024,94.96976744186047,258,17
682842,2025,93.32086274509804,1275,83
682847,2024,91.88656515897895,2233,39
682847,2025,91.83090361445782,1660,18
682897,2025,,0,1
682967,2025,85.60408163265306,49,2
682989,2024,92.61495327102803,107,4
682989,2025,90.2468152866242,314,5
682990,2024,89.12821621621622,925,13
682990,2025,90.21317738791423,2565,32
682995,2025,89.07391304347826,46,2
682999,2025,90.475,4,1
683003,2024,92.35127819548872,1995,24
683004,2024,91.38385650224215,669,11
683004,2025,92.45060065526027,2747,31
683021,2024,64.08666666666666,15,1
683021,2025,61.214285714285715,7,1
683068,2024,90.70116279069768,86,7
683085,2025,87.93636363636364,11,1
683094,2025,87.29285714285713,28,2
683101,2024,92.04166666666667,12,1
683101,2025,,0,2
683155,2024,87.23305377405032,2027,25
683155,2025,86.63872180451128,266,4
683165,2024,88.11111111111111,9,1
683175,2025,91.95075000000001,400,22
683232,2024,91.76209386281587,1108,60
683232,2025,91.16303854875284,882,66
683384,2025,96.6263157894737,19,1
683409,2024,91.164522417154,513,30
683409,2025,92.79952651515151,1056,46
683510,2025,88.82666666666667,15,1
683522,2024,,0,1
683522,2025,,0,1
683568,2024,88.20948905109489,137,6
683618,2024,95.48169934640524,153,7
683618,2025,96.58713450292399,342,25
683627,2024,90.46606805293007,1057,37
683627,2025,90.8,608,17
683766,2025,53.75238095238095,42,4
683769,2024,89.96221864951768,1244,89
683769,2025,89.34739208633094,1112,78
683822,2024,85.85714285714286,62,3
683988,2025,,0,2
684007,2024,87.11980694980694,2590,30
684007,2025,86.355875928353,2289,27
684126,2025,88.84,5,1
684128,2024,,0,1
684320,2024,89.06014304291287,1538,23
684320,2025,90.74511092851274,1217,70
684384,2025,87.28181818181818,11,1
684483,2024,90.39090909090909,11,3
684483,2025,86.13333333333333,12,2
684665,2024,,0,1
684871,2024,,0,1
684946,2024,92.9,2,1
684949,2024,,0,1
684974,2024,,0,1
684974,2025,83.7961111111111,180,10
685001,2025,83.00967741935484,31,2
685005,2025,93.15853658536585,41,3
685045,2025,89.46249999999999,24,2
685067,2025,90.404,25,1
685068,2025,88.6863157894737,95,2
685095,2024,85.175,12,3
685107,2024,89.47190082644629,242,12
685107,2025,88.61414913957934,523,28
685112,2025,86.99333333333334,15,1
685116,2024,84.81392405063292,158,5
685116,2025,,0,1
685126,2024,87.39181286549707,171,6
685126,2025,86.21601593625499,1255,75
685299,2024,88.14019769357496,607,8
685299,2025,88.22717041800644,1244,15
685314,2024,87.72692307692309,26,4
685314,2025,84.97517564402811,427,28
685321,2025,87.22142857142856,14,1
685326,2025,89.41075697211154,502,7
685329,2025,85.59285714285714,14,1
685461,2024,90.4125,8,2
685464,2024,86.83125,32,1
685801,2024,93.45273311897105,311,20
685801,2025,92.6,243,16
686218,2025,90.71969230769231,1300,21
686228,2024,,0,1
686228,2025,90.95867768595042,242,14
686249,2025,88.33749999999999,48,3
686294,2024,95.255,20,1
686294,2025,88.97619047619048,42,1
686433,2024,95.68333333333334,6,1
686463,2024,91.67894736842106,19,1
686463,2025,88.66153846153846,13,1
686533,2025,,0,1
686539,2024,90.13388791593695,1142,59
686539,2025,88.63703703703703,27,2
686563,2024,88.9251479289941,2028,25
686563,2025,88.93107162089392,1857,23
686580,2024,90.4485436893204,824,45
686580,2025,91.78425925925926,540,40
686608,2024,,0,3
686608,2025,90.12,5,2
686613,2024,92.346880104541,3061,34
686613,2025,92.55135043889263,2962,32
686642,2024,92.30555555555556,432,25
686642,2025,91.53663366336635,404,22
686643,2025,88.17142857142858,35,2
686654,2024,92.1655172413793,86,3
686654,2025,92.55243902439025,82,3
686676,2025,74.35454545454546,44,2
686678,2025,87.40425531914893,47,1
686700,2025,89.64054054054054,37,1
686701,2025,89.42606707317073,1312,19
686730,2024,88.24028314028314,1554,22
686730,2025,87.92259887005649,354,5
686747,2024,84.11512915129151,271,18
686747,2025,88.07006369426752,157,8
686751,2024,89.98275862068965,58,1
686751,2025,92.00934579439253,214,10
686752,2024,91.06484771573604,2364,29
686752,2025,91.26975128017557,2734,32
686753,2025,93.35138888888889,72,4
686762,2024,81.36666666666667,3,1
686762,2025,,0,2
686763,2025,,0,1
686790,2024,89.03333333333333,39,1
686790,2025,88.7872641509434,212,3
686796,2024,86.4326530612245,343,8
686799,2024,93.61536670547149,859,11
686799,2025,92.78149870801035,1935,25
686811,2025,,0,2
686826,2024,90.99479166666667,1056,46
686826,2025,88.95979166666666,480,15
686827,2025,,0,1
686830,2025,83.73333333333333,3,2
686839,2024,88.08888888888889,9,1
686924,2025,90.33333333333333,18,1
686930,2025,88.9939675174014,431,5
686973,2024,91.87026515151516,1056,18
686973,2025,93.60257352941177,1360,93
686993,2024,90.534375,64,3
686993,2025,89.6654298642534,1105,62
687003,2025,86.20077519379845,129,5
687014,2024,89.09446808510639,235,11
687064,2025,87.94723404255319,940,12
687074,2025,93.02575757575757,66,3
687075,2025,90.27731958762887,290,4
687095,2024,87.52727272727272,11,1
687095,2025,89.04444444444444,9,3
687134,2024,88.69076086956522,552,7
687134,2025,89.78533936651584,1105,18
687145,2024,91.22058823529412,34,3
687145,2025,,0,1
687166,2024,,0,2
687166,2025,89.45555555555556,36,1
687198,2025,92.39047619047619,21,2
687202,2025,89.75384615384615,13,1
687209,2024,,0,1
687209,2025,96.19030303030303,165,8
687223,2025,83.79049645390072,705,9
687239,2025,,0,1
687258,2024,,0,1
687271,2024,,0,1
687273,2025,90.14516129032258,62,1
687280,2024,,0,1
687280,2025,86.70370370370371,27,1
687287,2024,86.37333333333332,60,1
687287,2025,85.50459770114942,87,1
687330,2024,86.78669201520913,1052,72
687330,2025,88.43770764119601,602,44
687352,2025,88.05238095238094,21,1
687362,2024,88.90217391304348,138,3
687362,2025,86.5346600331675,603,8
687377,2024,90.48969072164948,97,4
687377,2025,91.71708253358925,521,25
687396,2024,86.01833333333335,60,1
687396,2025,90.00467706013363,449,20
687397,2024,83.5,16,1
687423,2024,,0,1
687424,2024,88.03183279742765,311,18
687424,2025,88.07751937984496,129,6
687439,2025,,0,1
687473,2024,,0,1
687473,2025,89.59550814149354,1781,28
687481,2024,,0,3
687531,2025,,0,1
687578,2025,,0,1
687589,2024,89.15454545454546,55,1
687589,2025,85.01538461538462,13,1
687606,2025,89.67649667405765,451,14
687607,2025,,0,1
687765,2024,87.50330809087285,2509,37
687765,2025,87.85699855699856,1386,35
687776,2025,,0,1
687792,2024,89.33266078184111,1586,19
687798,2024,90.30481927710844,249,11
687798,2025,88.46875,16,1
687817,2024,85.17368421052632,19,2
687817,2025,83.85000000000001,12,2
687825,2024,,0,1
687830,2025,87.86241900647948,463,8
687841,2025,91.25,16,1
687847,2024,91.38666666666667,15,4
687847,2025,91.60737704918033,122,6
687849,2025,87.20292207792208,308,12
687856,2024,,0,1
687863,2024,90.74939577039275,662,41
687863,2025,90.4602564102564,624,38
687866,2024,91.825,8,2
687866,2025,91.2375,8,1
687879,2024,87.72857142857143,7,1
687888,2025,86.02420147420148,814,9
687911,2024,87.47546728971963,428,30
687911,2025,88.21235849056605,1060,72
687916,2025,89.03684210526316,19,2
687922,2024,90.78617886178863,246,9
687922,2025,90.14885844748858,438,6
687924,2024,88.35207547169811,530,7
687926,2025,89.8875,24,1
687931,2025,86.88848039215686,408,5
687956,2024,87.02,5,2
687956,2025,90.3,17,1
687985,2025,84.23333333333333,6,1
688107,2024,87.82205513784461,399,6
688107,2025,88.69320987654321,162,4
688138,2025,87.7216583273767,1399,17
688158,2025,92.43689567430025,786,43
688162,2025,82.640625,32,1
688230,2024,87.63333333333333,3,1
688274,2024,,0,2
688297,2024,93.12667785234899,596,29
688297,2025,93.71674208144798,442,22
688328,2025,88.25384615384615,26,1
688396,2025,,0,1
688427,2025,,0,2
688445,2025,,0,1
688497,2024,,0,1
688497,2025,86.53901734104046,346,13
688540,2025,,0,1
688642,2024,,0,1
688642,2025,91.05988909426988,541,32
688703,2024,,0,1
688753,2024,,0,1
688857,2024,,0,1
688883,2025,87.56896551724138,58,2
688984,2024,87.87,10,1
689017,2024,88.058671875,1280,18
689017,2025,88.20336351875808,773,10
689042,2024,86.74117647058823,34,1
689147,2024,91.04965217391305,1150,68
689147,2025,92.10739795918367,1176,77
689225,2024,92.26910197869103,1314,55
689225,2025,93.31327433628319,452,25
689233,2025,94.2,2,1
689254,2024,83.22142857142856,28,2
689254,2025,86.633431085044,1023,68
689266,2024,86.88235294117646,34,2
689266,2025,88.98619402985075,536,28
689337,2024,88.58,5,1
689337,2025,87.13636363636364,11,2
689434,2024,90.83846153846154,13,1
689520,2025,89.61028037383177,107,6
689557,2025,90.745,20,1
689672,2024,85.1988904299584,721,10
689690,2024,80.87350746268656,268,9
689690,2025,80.1543076923077,650,33
689713,2025,,0,1
689821,2025,86.50909090909092,11,2
689958,2024,92.79593908629441,197,13
689958,2025,93.26741573033706,89,5
689981,2024,91.97186440677966,295,4
690103,2024,,0,1
690155,2025,,0,1
690206,2024,,0,1
690294,2025,88.47500000000001,12,1
690374,2025,87.55862068965517,29,1
690382,2025,89.76105769230769,208,9
690464,2025,86.2875,8,1
690544,2024,85.50924092409241,303,18
690544,2025,90.81260869565217,230,11
690593,2025,,0,1
690736,2024,88.34666666666666,15,2
690829,2024,97.4916820702403,541,33
690829,2025,97.36583333333333,120,8
690916,2024,89.45489130434783,368,5
690916,2025,90.77387755102042,735,12
690921,2025,,0,1
690925,2024,91.44836065573772,122,5
690925,2025,92.31204301075269,465,26
690928,2025,89.46530612244898,931,13
690953,2025,91.305,720,10
690986,2024,88.33387872954764,2078,26
690986,2025,90.19081632653061,588,12
690990,2025,90.86733780760626,1788,24
690997,2025,89.08484438430311,739,8
690999,2025,,0,1
691004,2024,92.175,4,1
691008,2025,87.15714285714286,70,1
691012,2024,,0,1
691032,2024,88.94259259259259,54,1
691032,2025,86.74848484848485,33,1
691094,2025,86.24255319148936,47,1
691172,2024,93.19128919860627,286,12
691172,2025,92.26516129032258,155,8
691196,2025,74.75,2,1
691251,2025,91.22470588235294,255,9
691429,2025,,0,1
691441,2024,91.67714285714285,70,1
691441,2025,91.42475247524752,100,3
691548,2024,,0,1
691548,2025,93.78076923076922,78,3
691582,2025,90.93142857142857,35,2
691587,2025,91.68649133293485,1673,20
691594,2025,62.43235294117647,170,8
691634,2025,90.41153846153846,26,2
691669,2025,92.45,2,1
691769,2025,87.43599999999999,75,6
691799,2025,94.64983606557378,610,36
691951,2024,87.48693693693693,222,3
691951,2025,85.85610561056106,303,4
692024,2025,92.33214285714286,84,3
692030,2025,93.32926829268293,41,1
692064,2025,90.04583333333333,24,1
692157,2025,87.64166666666667,12,1
692230,2024,87.73261802575108,233,3
692230,2025,87.29134615384615,208,4
692285,2024,92.08045112781956,133,9
692285,2025,88.79965397923876,289,14
692838,2025,93.14864864864865,37,2
692983,2024,89.42727272727272,11,2
693312,2024,93.26862539349423,953,52
693312,2025,92.6977207977208,702,33
693313,2025,93.53703703703704,621,16
693433,2024,92.33531468531469,1716,22
693433,2025,93.33015058179329,2922,34
693645,2025,94.03811033608117,1577,18
693725,2025,88.67460317460318,63,2
693759,2024,87.60000000000001,3,1
693821,2024,87.65208333333332,864,10
693821,2025,88.60795142969056,2553,29
693855,2025,87.19949799196787,995,19
694037,2024,94.99695817490495,263,12
694037,2025,96.36574468085107,940,61
694297,2024,89.87298429319372,2864,33
694297,2025,89.39552580013063,3061,35
694298,2025,87.72,10,1
694335,2024,91.56666666666666,15,2
694335,2025,92.70124481327801,964,39
694346,2025,,0,1
694350,2024,89.9790476190476,104,6
694350,2025,90.42347826086957,459,26
694357,2024,89.1875,88,2
694359,2025,55.492,25,1
694361,2024,92.60753424657534,146,9
694361,2025,93.88567774936062,391,16
694363,2024,88.14899224806202,1290,40
694363,2025,87.62830188679246,318,13
694381,2024,87.77297297297297,37,2
694381,2025,86.46315789473684,19,1
694391,2025,,0,2
694436,2024,91.925,16,2
694436,2025,,0,1
694462,2024,89.87669172932331,133,2
694462,2025,89.57111368909513,862,10
694475,2025,87.964,25,1
694477,2025,90.58648269410664,2138,34
694496,2024,83.5,1,1
694496,2025,87.73684210526316,19,1
694536,2024,,0,1
694553,2024,,0,1
694559,2024,,0,1
694559,2025,88.14444444444445,27,1
694646,2024,87.65243902439025,82,2
694646,2025,89.18615384615384,195,4
694650,2024,,0,1
694660,2025,89.56363636363636,11,2
694674,2025,86.76071428571429,28,2
694680,2025,91.44,10,2
694738,2024,85.86593164277838,907,25
694738,2025,85.83468395461912,1851,22
694795,2025,91.19565217391305,23,1
694813,2024,91.3139775280899,2224,26
694819,2025,95.83209785025946,1348,18
694833,2024,,0,1
694843,2025,,0,1
694851,2024,,0,1
694851,2025,90.57692307692308,273,13
694855,2025,85.46875,16,1
694887,2024,87.96666666666665,6,1
694900,2025,90.12173913043479,23,3
694918,2025,91.08349514563106,309,4
694946,2025,84.272,25,1
694973,2024,92.94682352941176,2125,23
694973,2025,92.96466645387807,3133,34
694978,2025,89.96666666666665,3,1
695026,2024,90.04285714285713,28,1
695038,2025,,0,1
695071,2024,,0,1
695071,2025,88.22702702702703,37,3
695076,2024,89.46425702811244,498,7
695229,2024,,0,1
695239,2025,,0,1
695243,2024,96.0605593056895,1037,59
695243,2025,94.86282420749279,1041,65
695296,2024,,0,2
695308,2025,,0,1
695378,2025,86.9590909090909,22,1
695380,2025,,0,1
695418,2025,91.63233082706768,2128,51
695445,2025,85.68916666666667,600,32
695505,2025,95.40269922879177,778,14
695534,2025,92.45207100591716,169,3
695549,2024,91.41444444444444,90,4
695549,2025,90.82296296296296,945,11
695835,2025,93.34736842105262,19,1
696098,2024,,0,2
696131,2024,89.00045248868778,663,9
696131,2025,89.0,74,1
696136,2024,88.11772300469484,852,13
696136,2025,88.9741935483871,217,8
696146,2025,89.41428571428571,56,1
696147,2025,91.42208955223882,335,23
696149,2025,94.74034707158351,461,7
696150,2024,,0,1
696263,2024,,0,2
696270,2025,89.5388198757764,321,16
696275,2024,92.04375,16,1
696505,2025,,0,1
696522,2024,89.38,50,2
696522,2025,88.23181818181818,22,1
697812,2025,91.3648275862069,145,3
698785,2025,87.42,5,1
699134,2025,95.10629921259843,127,7
699823,2025,91.66153846153846,26,2
699911,2024,89.82727272727273,11,1
699911,2025,88.86479591836735,196,10
700072,2024,,0,1
700072,2025,,0,1
700177,2024,,0,1
700183,2024,,0,3
700183,2025,,0,2
700187,2024,91.64491017964072,334,24
700187,2025,91.96323529411765,136,8
700241,2024,89.16688102893892,311,4
700241,2025,88.27662508207484,1523,18
700249,2024,86.89791216702663,1389,16
700249,2025,86.84282090309488,1971,23
700270,2024,90.1505330490405,469,7
700270,2025,88.22833333333332,60,1
700287,2024,,0,2
700327,2025,93.98333333333333,6,1
700363,2024,89.80641711229946,187,3
700363,2025,88.24711673699015,711,11
700375,2025,,0,3
700669,2024,88.11142857142858,105,2
700669,2025,90.55621693121694,756,26
700675,2025,86.35000000000001,6,1
700712,2025,93.64642857142857,28,1
700728,2024,,0,1
700786,2025,90.56666666666666,12,1
700794,2024,,0,3
700794,2025,,0,2
701121,2024,,0,1
701121,2025,89.3716814159292,226,12
701151,2024,87.4046511627907,43,2
701151,2025,,0,1
701213,2025,,0,2
701240,2025,89.78,25,1
701288,2024,89.376,25,1
701288,2025,,0,1
701328,2025,88.77741935483871,62,1
701487,2025,86.1033088235294,544,14
701519,2025,90.25173453996983,663,18
701533,2024,88.87777777777778,18,1
701542,2024,89.54120982986768,529,8
701542,2025,89.58238272021599,2963,37
701549,2025,89.82499999999999,4,2
701552,2025,87.12429667519181,391,15
701566,2024,89.03999999999999,20,1
701568,2024,89.05833333333334,24,1
701581,2024,90.24449499545041,1099,14
701581,2025,90.49297052154195,882,11
701603,2024,90.53934426229507,61,1
701643,2024,90.34152542372881,118,4
701643,2025,88.13600000000001,25,1
701656,2025,87.87869198312237,474,6
701719,2024,88.11818181818181,22,1
701856,2024,,0,1
701951,2024,,0,1
702056,2025,89.51767304860088,679,9
702070,2025,86.01829944547136,2164,24
702103,2025,90.16086956521738,23,2
702111,2025,,0,1
702129,2024,85.83250000000001,40,1
702129,2025,86.82884615384616,52,1
702273,2025,89.44716981132075,53,1
702300,2025,,0,1
702303,2024,,0,1
702352,2024,90.02799479166667,768,29
702352,2025,91.07501864280388,1341,57
702460,2025,86.44999999999999,4,1
702674,2024,88.99611650485437,206,4
702674,2025,89.51886120996441,562,7
702752,2025,92.39310344827587,29,1
702785,2024,,0,1
702795,2024,89.66,35,3
702795,2025,91.64242424242425,231,12
702878,2025,91.37948717948719,39,1
702911,2024,84.2695652173913,23,2
703231,2024,88.7125,16,1
703725,2025,88.42380952380952,21,2
800048,2025,87.78511999999999,625,7
800049,2024,89.6734589041096,584,8
800049,2025,89.31431492842535,489,6
800311,2025,90.32150170648464,293,4
800723,2024,88.59473684210526,19,1
801128,2025,86.39,20,1
801139,2025,93.72797427652733,311,8
801216,2024,87.7,5,2
801216,2025,92.28260869565217,46,1
801403,2025,92.16412749864938,1851,23
801412,2024,86.5,5,1
801432,2025,88.84772727272728,44,2
801434,2024,91.76666666666667,15,1
801434,2025,90.51617647058823,136,6
801505,2024,88.30000000000001,4,1
801505,2025,,0,1
801546,2025,,0,1
801619,2025,96.53636363636365,11,1
801682,2024,92.0,2,1
801802,2025,90.236,25,2
801870,2025,86.58571428571429,28,1
802180,2024,85.5,20,1
802363,2024,87.70952380952382,42,2
802402,2024,,0,1
802419,2025,87.4250803858521,311,5
802686,2024,,0,1
802686,2025,89.68666666666667,60,4
804522,2025,,0,2
804636,2025,90.2132075471698,371,5
804922,2024,,0,1
805123,2025,89.64812623274162,507,11
805257,2024,,0,1
805299,2025,91.99754385964913,285,16
805345,2025,,0,1
805427,2025,88.41025641025641,78,4
805437,2025,88.49,10,1
805673,2024,90.59442119944211,717,9
805673,2025,91.92357723577236,1353,16
805728,2024,92.38333333333333,6,1
805871,2025,92.09285714285714,42,1
806185,2024,89.79257925072046,1388,16
806185,2025,90.6072864321608,1194,22
806188,2025,84.71850220264317,908,44
806288,2025,86.7375,16,1
806581,2025,,0,2
806585,2025,88.24,10,1
806625,2025,,0,1
806960,2025,91.38757612667479,821,10
807744,2024,,0,1
808820,2024,,0,1
808865,2025,84.02083333333333,24,2
808963,2025,90.69352791878173,787,19
808967,2024,89.69110096976611,1751,22
808967,2025,90.17563329312425,3315,36
808970,2024,88.14117647058823,34,1
809138,2025,,0,1
809499,2025,,0,1
809950,2025,85.96666666666665,6,1
810897,2025,88.06470588235294,17,1
810921,2024,,0,1
811310,2025,90.87142857142858,14,1
811601,2025,87.6,2,1
812521,2025,,0,2
813349,2025,87.8216957605985,401,5
813636,2025,88.20625,32,2
813829,2025,,0,1
813882,2025,91.08125,16,1
814005,2024,88.2781512605042,238,3
814088,2024,92.28181818181818,11,1
814098,2025,,0,1
814217,2024,88.54761904761905,21,1
814280,2024,88.93333333333334,3,1
814280,2025,88.17692307692307,13,1
814291,2025,85.13846153846154,13,1
814351,2025,89.16181818181818,55,1
814388,2025,87.67857142857143,14,1
814527,2025,93.92857142857143,14,1
814716,2025,86.7375,8,2
815043,2025,88.13846153846154,13,1
815066,2025,88.625,4,1
815083,2025,84.86543209876544,405,5
815084,2024,91.32352941176471,34,2
815179,2025,,0,1
815318,2025,85.85882352941177,17,2
820862,2025,93.25868902439024,656,41
822416,2025,90.29333333333334,15,2
823909,2025,,0,1
823996,2025,89.0,31,1
827744,2025,91.03125,32,1
828353,2025,81.23333333333333,30,1
828496,2025,90.325,16,1
829272,2025,83.3505934718101,674,24
